PoseIndex1,PoseIndex2,Residue 1,Residue 2,Distance (Ã…)
1,3,SER1A,THR3A,4.07424962416394
1,4,SER1A,ASP4A,3.5846324776746634
2,6,MET2A,LEU6A,4.4462034366411975
2,11,MET2A,ILE11A,4.096688906910068
2,46,MET2A,VAL46A,4.061680563510629
2,49,MET2A,ILE49A,3.4033915437398607
2,50,MET2A,LEU50A,4.065924495117931
2,70,MET2A,PHE70A,3.6468430182830716
3,8,THR3A,ALA8A,3.480993823608424
3,11,THR3A,ILE11A,4.086623300476813
4,5,ASP4A,LEU5A,4.465731519023508
5,42,LEU5A,ASP42A,3.2889504404900953
5,45,LEU5A,LYS45A,4.133725438390897
5,46,LEU5A,VAL46A,3.9600536612525805
6,11,LEU6A,ILE11A,4.2516864889123696
6,33,LEU6A,VAL33A,3.9343397158862605
6,35,LEU6A,LEU35A,4.072513474501959
6,38,LEU6A,LYS38A,3.914271452007386
6,70,LEU6A,PHE70A,3.692000677139698
7,9,SER7A,GLU9A,3.5812222773796116
7,10,SER7A,ASP10A,3.7070252224661226
11,15,ILE11A,ILE15A,3.69852416512316
11,33,ILE11A,VAL33A,3.8497899942724163
11,70,ILE11A,PHE70A,4.290691319589418
11,71,ILE11A,SER71A,3.8658511352611598
13,32,LYS13A,MET32A,4.339486836021054
14,29,ALA14A,PHE29A,3.8105629505363106
14,32,ALA14A,MET32A,3.967446660006914
14,33,ALA14A,VAL33A,4.034658597700679
15,29,ILE15A,PHE29A,4.176023946291494
15,67,ILE15A,LEU67A,4.158809204568059
15,70,ILE15A,PHE70A,4.289849531160736
15,74,ILE15A,ALA74A,3.8351856539155973
18,23,PHE18A,SER23A,3.818140254102776
18,24,PHE18A,PHE24A,3.3794166656392015
18,25,PHE18A,ASP25A,3.947390657130354
18,29,PHE18A,PHE29A,3.9492422057908776
18,75,PHE18A,ARG75A,4.292946424077527
20,23,ALA20A,SER23A,4.207849926031107
22,78,ASP22A,SER78A,2.524453604247857
22,80,ASP22A,LYS80A,3.8923951495191216
22,81,ASP22A,GLU81A,3.9860642242693474
23,75,SER23A,ARG75A,3.3754829284118752
23,81,SER23A,GLU81A,4.204299941726327
24,26,PHE24A,HIS26A,4.077246865226583
24,29,PHE24A,PHE29A,3.8512378529506606
24,67,PHE24A,LEU67A,3.747534389435272
24,77,PHE24A,LEU77A,3.4558434571027643
24,81,PHE24A,GLU81A,3.462712520553791
24,85,PHE24A,LEU85A,4.248057203004689
25,27,ASP25A,LYS27A,4.489852336101932
25,28,ASP25A,LYS28A,3.432203082569561
26,27,HIS26A,LYS27A,3.6134374216250107
26,30,HIS26A,PHE30A,3.6625927974591987
26,85,HIS26A,LEU85A,3.547856395064489
26,88,HIS26A,ALA88A,3.311750745451717
26,105,HIS26A,LEU105A,3.844466412910899
27,108,LYS27A,GLU108A,4.01448676669883
27,109,LYS27A,SER109A,4.266231709600409
28,32,LYS28A,MET32A,4.468121976848885
29,30,PHE29A,PHE30A,3.4286157556658363
29,33,PHE29A,VAL33A,3.788697137539504
29,70,PHE29A,PHE70A,3.5419675323187256
30,35,PHE30A,LEU35A,3.703552213753703
30,102,PHE30A,PHE102A,4.103999147173403
30,105,PHE30A,LEU105A,4.272535781008748
30,106,PHE30A,VAL106A,3.945162354073659
30,109,PHE30A,SER109A,3.4999412852217966
31,36,GLN31A,LYS36A,4.116773615344909
31,109,GLN31A,SER109A,4.233674645033558
33,35,VAL33A,LEU35A,3.7525006329113415
33,70,VAL33A,PHE70A,4.494150086501343
35,38,LEU35A,LYS38A,4.115612834074659
35,43,LEU35A,VAL43A,3.9309487404442205
35,46,LEU35A,VAL46A,4.398922368035155
35,70,LEU35A,PHE70A,4.386452894993857
35,102,LEU35A,PHE102A,4.100233895767411
35,106,LEU35A,VAL106A,4.037757422134225
36,109,LYS36A,SER109A,3.653897371300951
38,42,LYS38A,ASP42A,3.7124568684363233
39,42,SER39A,ASP42A,3.963611106049633
40,44,ALA40A,LYS44A,3.752218810250811
43,102,VAL43A,PHE102A,4.030635805924421
43,103,VAL43A,SER103A,3.914819791510205
44,99,LYS44A,VAL99A,4.197096496388902
46,50,VAL46A,LEU50A,3.7276767563725284
46,70,VAL46A,PHE70A,4.125595835755122
47,51,PHE47A,ASP51A,3.579372570716831
47,58,PHE47A,ILE58A,3.8693759186721564
47,99,PHE47A,VAL99A,3.599905276531587
47,102,PHE47A,PHE102A,3.5406493754677255
48,54,HIS48A,LYS54A,3.459380580392973
50,58,LEU50A,ILE58A,4.1398842979001245
50,66,LEU50A,ILE66A,3.910506488934648
50,70,LEU50A,PHE70A,3.810411657550927
50,102,LEU50A,PHE102A,3.67310930956322
51,53,ASP51A,ASP53A,2.9556496747754113
51,55,ASP51A,SER55A,3.4564684289025425
51,62,ASP51A,GLU62A,3.477668903159128
51,110,ASP51A,CA110B,1.550007407482621
52,62,LYS52A,GLU62A,3.9750735842245746
52,65,LYS52A,SER65A,3.049969671980363
52,110,LYS52A,CA110B,4.496957890702389
53,55,ASP53A,SER55A,3.2150118195739212
53,59,ASP53A,GLU59A,3.5539535731351353
53,62,ASP53A,GLU62A,3.0827010883314627
53,110,ASP53A,CA110B,2.1335276375614924
55,57,SER55A,PHE57A,3.6060734878812446
55,59,SER55A,GLU59A,2.7123425299913757
55,110,SER55A,CA110B,2.6793570124192145
57,59,PHE57A,GLU59A,3.4254024581062037
57,96,PHE57A,LYS96A,3.280464753659153
57,111,PHE57A,CA111C,3.9555164372347993
58,62,ILE58A,GLU62A,4.230563319464679
58,63,ILE58A,LEU63A,3.7091995093281223
58,97,ILE58A,ILE97A,4.465251280723181
58,102,ILE58A,PHE102A,3.49164116140247
59,62,GLU59A,GLU62A,2.8560171568112125
59,96,GLU59A,LYS96A,4.28396323513636
59,110,GLU59A,CA110B,0.830680458801865
60,86,GLU60A,MET86A,4.260249405844686
62,110,GLU62A,CA110B,2.310752907603925
63,82,LEU63A,THR82A,4.3221515475512895
63,85,LEU63A,LEU85A,3.4017732140752734
63,86,LEU63A,MET86A,3.965982728152001
63,97,LEU63A,ILE97A,4.096928361589937
65,68,SER65A,LYS68A,4.047601017887014
66,67,ILE66A,LEU67A,4.020102735005661
66,70,ILE66A,PHE70A,3.936298007011156
66,77,ILE66A,LEU77A,3.9967514308498107
67,74,LEU67A,ALA74A,3.9258152019676107
67,75,LEU67A,ARG75A,4.319729852664401
67,77,LEU67A,LEU77A,3.8826483229878055
68,76,LYS68A,ASP76A,2.7088397885441653
71,73,SER71A,ASP73A,2.6757255090909458
73,74,ASP73A,ALA74A,4.482472978167297
75,77,ARG75A,LEU77A,3.5195096249335633
75,81,ARG75A,GLU81A,2.617836320322569
77,81,LEU77A,GLU81A,3.4222298286351234
77,82,LEU77A,THR82A,4.121420507543485
77,85,LEU77A,LEU85A,4.083455032200063
78,80,SER78A,LYS80A,3.6111779241682367
78,81,SER78A,GLU81A,3.6145750787609883
80,83,LYS80A,LYS83A,4.280753905563831
83,84,LYS83A,THR84A,4.475707988687377
85,105,LEU85A,LEU105A,4.114234922801567
86,90,MET86A,ASP90A,3.8825460718451215
86,97,MET86A,ILE97A,3.9756813252573475
88,105,ALA88A,LEU105A,3.764964010452157
90,92,ASP90A,ASP92A,3.0736637747157713
90,94,ASP90A,ASP94A,3.0802702803487843
90,97,ASP90A,ILE97A,4.352285606437151
90,101,ASP90A,GLU101A,3.4733138355178927
90,111,ASP90A,CA111C,2.314995032392078
91,100,LYS91A,GLU100A,2.7412365822745017
91,101,LYS91A,GLU101A,3.6823955518113474
91,104,LYS91A,THR104A,3.7754254064939476
92,94,ASP92A,ASP94A,3.0506533726400336
92,101,ASP92A,GLU101A,3.0654030730068755
92,111,ASP92A,CA111C,2.288097244436959
94,96,ASP94A,LYS96A,2.8538290067906997
94,111,ASP94A,CA111C,1.2902202198059938
96,111,LYS96A,CA111C,3.3655303503363045
97,101,ILE97A,GLU101A,4.003438771856017
97,102,ILE97A,PHE102A,3.9908297382875166
97,105,ILE97A,LEU105A,4.498056802664901
100,101,GLU100A,GLU101A,4.3556154559373095
100,104,GLU100A,THR104A,3.2064056200050524
101,111,GLU101A,CA111C,1.805935585867959
102,106,PHE102A,VAL106A,4.439942905038309
104,108,THR104A,GLU108A,4.1327660228955585
107,108,ALA107A,GLU108A,4.453448214586087
